Handle,Title,Body (HTML),Vendor,Type,Tags,Published,Option1 Name,Option1 Value,Variant SKU,Variant Grams,Variant Inventory Tracker,Variant Inventory Qty,Variant Inventory Policy,Variant Fulfillment Service,Variant Price,Variant Compare At Price,Variant Requires Shipping,Variant Taxable,Image Src,Image Alt Text,Status
"bpc-157-5mg","BPC-157 5mg","<p>Lyophilized BPC-157 research peptide. Supplied as a sealed vial for laboratory assays. Third-party HPLC documentation available on request.</p><ul><li>Form: Lyophilized powder</li><li>Amount: 5mg</li><li>Body-protection compound analog · MW ~1419</li><li>Grade: ≥98% research grade</li></ul><p><strong>For research use only. Not for human consumption.</strong></p>","AminoNex","Recovery","bpc-157, recovery, research","TRUE","Title","Default Title","AN-BPC-5","18","shopify","25","deny","manual","49.00","59.00","TRUE","TRUE","https://raw.githubusercontent.com/arcmonay/aminonex/main/public/products/bpc-157-5mg.svg","BPC-157 5mg","active"
"bpc-157-10mg","BPC-157 10mg","<p>Higher-yield BPC-157 vial for extended assay runs. Same purity spec as the 5mg SKU with lot-matched COA.</p><ul><li>Form: Lyophilized powder</li><li>Amount: 10mg</li><li>Body-protection compound analog · MW ~1419</li><li>Grade: ≥98% research grade</li></ul><p><strong>For research use only. Not for human consumption.</strong></p>","AminoNex","Recovery","bpc-157, recovery, research","TRUE","Title","Default Title","AN-BPC-10","18","shopify","25","deny","manual","79.00","94.00","TRUE","TRUE","https://raw.githubusercontent.com/arcmonay/aminonex/main/public/products/bpc-157-10mg.svg","BPC-157 10mg","active"
"tb-500-5mg","TB-500 5mg","<p>Thymosin beta-4 fragment for cytoskeletal and migration research. Vacuum-sealed and cold-chain ready.</p><ul><li>Form: Lyophilized powder</li><li>Amount: 5mg</li><li>Thymosin β4 fragment · actin-binding motif</li><li>Grade: ≥98% research grade</li></ul><p><strong>For research use only. Not for human consumption.</strong></p>","AminoNex","Recovery","tb-500, recovery, research","TRUE","Title","Default Title","AN-TB-5","18","shopify","25","deny","manual","54.00","","TRUE","TRUE","https://raw.githubusercontent.com/arcmonay/aminonex/main/public/products/tb-500-5mg.svg","TB-500 5mg","active"
"tb-500-10mg","TB-500 10mg","<p>10mg TB-500 research vial for multi-plate protocols. Purity verified by HPLC.</p><ul><li>Form: Lyophilized powder</li><li>Amount: 10mg</li><li>Thymosin β4 fragment · actin-binding motif</li><li>Grade: ≥98% research grade</li></ul><p><strong>For research use only. Not for human consumption.</strong></p>","AminoNex","Recovery","tb-500, recovery, research","TRUE","Title","Default Title","AN-TB-10","18","shopify","25","deny","manual","89.00","105.00","TRUE","TRUE","https://raw.githubusercontent.com/arcmonay/aminonex/main/public/products/tb-500-10mg.svg","TB-500 10mg","active"
"ghk-cu-50mg","GHK-Cu 50mg","<p>Copper tripeptide complex for extracellular-matrix and wound-model research. Distinct blue lyophilizate.</p><ul><li>Form: Lyophilized copper complex</li><li>Amount: 50mg</li><li>Gly-His-Lys · Cu(II) complex</li><li>Grade: ≥98% research grade</li></ul><p><strong>For research use only. Not for human consumption.</strong></p>","AminoNex","Recovery","ghk-cu, recovery, copper","TRUE","Title","Default Title","AN-GHK-50","23","shopify","25","deny","manual","42.00","","TRUE","TRUE","https://raw.githubusercontent.com/arcmonay/aminonex/main/public/products/ghk-cu-50mg.svg","GHK-Cu 50mg","active"
"semaglutide-5mg","Semaglutide 5mg","<p>GLP-1 receptor agonist research material for metabolic pathway assays. Not for clinical or consumer use.</p><ul><li>Form: Lyophilized powder</li><li>Amount: 5mg</li><li>GLP-1 RA · C18 fatty diacid side chain</li><li>Grade: ≥99% research grade</li></ul><p><strong>For research use only. Not for human consumption.</strong></p>","AminoNex","Metabolic","semaglutide, glp-1, metabolic","TRUE","Title","Default Title","AN-SEMA-5","18","shopify","25","deny","manual","96.00","115.00","TRUE","TRUE","https://raw.githubusercontent.com/arcmonay/aminonex/main/public/products/semaglutide-5mg.svg","Semaglutide 5mg","active"
"tirzepatide-5mg","Tirzepatide 5mg","<p>Dual GIP/GLP-1 receptor agonist for metabolic signaling research. Lot-coded and HPLC-verified.</p><ul><li>Form: Lyophilized powder</li><li>Amount: 5mg</li><li>GIP/GLP-1 dual agonist</li><li>Grade: ≥99% research grade</li></ul><p><strong>For research use only. Not for human consumption.</strong></p>","AminoNex","Metabolic","tirzepatide, gip, glp-1, metabolic","TRUE","Title","Default Title","AN-TIRZ-5","18","shopify","25","deny","manual","118.00","135.00","TRUE","TRUE","https://raw.githubusercontent.com/arcmonay/aminonex/main/public/products/tirzepatide-5mg.svg","Tirzepatide 5mg","active"
"aod-9604-5mg","AOD-9604 5mg","<p>Modified hGH fragment studied in lipid-metabolism models. Research use only.</p><ul><li>Form: Lyophilized powder</li><li>Amount: 5mg</li><li>hGH 177–191 analog</li><li>Grade: ≥98% research grade</li></ul><p><strong>For research use only. Not for human consumption.</strong></p>","AminoNex","Metabolic","aod-9604, metabolic, research","TRUE","Title","Default Title","AN-AOD-5","18","shopify","25","deny","manual","58.00","","TRUE","TRUE","https://raw.githubusercontent.com/arcmonay/aminonex/main/public/products/aod-9604-5mg.svg","AOD-9604 5mg","active"
"mots-c-10mg","MOTS-c 10mg","<p>Mitochondrial-derived peptide for metabolic and AMPK-pathway research.</p><ul><li>Form: Lyophilized powder</li><li>Amount: 10mg</li><li>Mitochondrial ORF peptide</li><li>Grade: ≥98% research grade</li></ul><p><strong>For research use only. Not for human consumption.</strong></p>","AminoNex","Metabolic","mots-c, metabolic, mitochondria","TRUE","Title","Default Title","AN-MOTS-10","18","shopify","25","deny","manual","72.00","","TRUE","TRUE","https://raw.githubusercontent.com/arcmonay/aminonex/main/public/products/mots-c-10mg.svg","MOTS-c 10mg","active"
"cjc-1295-5mg","CJC-1295 (no DAC) 5mg","<p>Modified GHRH analog without Drug Affinity Complex for pulsatile GH-axis research models.</p><ul><li>Form: Lyophilized powder</li><li>Amount: 5mg</li><li>GHRH 1–29 analog · no DAC</li><li>Grade: ≥98% research grade</li></ul><p><strong>For research use only. Not for human consumption.</strong></p>","AminoNex","Growth factors","cjc-1295, ghrh, growth","TRUE","Title","Default Title","AN-CJC-5","18","shopify","25","deny","manual","52.00","62.00","TRUE","TRUE","https://raw.githubusercontent.com/arcmonay/aminonex/main/public/products/cjc-1295-5mg.svg","CJC-1295 (no DAC) 5mg","active"
"ipamorelin-5mg","Ipamorelin 5mg","<p>Selective ghrelin-receptor agonist for GH-secretagogue research. Minimal known off-target prolactin/cortisol signal in literature models.</p><ul><li>Form: Lyophilized powder</li><li>Amount: 5mg</li><li>GHRP · selective GHSR agonist</li><li>Grade: ≥98% research grade</li></ul><p><strong>For research use only. Not for human consumption.</strong></p>","AminoNex","Growth factors","ipamorelin, ghrp, growth","TRUE","Title","Default Title","AN-IPA-5","18","shopify","25","deny","manual","48.00","","TRUE","TRUE","https://raw.githubusercontent.com/arcmonay/aminonex/main/public/products/ipamorelin-5mg.svg","Ipamorelin 5mg","active"
"tesamorelin-10mg","Tesamorelin 10mg","<p>Stabilized GHRH analog for growth-hormone axis research. Supplied lyophilized.</p><ul><li>Form: Lyophilized powder</li><li>Amount: 10mg</li><li>Trans-3-hexenoyl GHRH analog</li><li>Grade: ≥98% research grade</li></ul><p><strong>For research use only. Not for human consumption.</strong></p>","AminoNex","Growth factors","tesamorelin, ghrh, growth","TRUE","Title","Default Title","AN-TESA-10","18","shopify","25","deny","manual","110.00","128.00","TRUE","TRUE","https://raw.githubusercontent.com/arcmonay/aminonex/main/public/products/tesamorelin-10mg.svg","Tesamorelin 10mg","active"
"mk-677-10mg","MK-677 (Ibutamoren) 10mg","<p>Non-peptide ghrelin mimetic for GH/IGF-1 axis research. Provided as research powder vial.</p><ul><li>Form: Research powder</li><li>Amount: 10mg</li><li>Orally active GHSR agonist (research)</li><li>Grade: ≥98% research grade</li></ul><p><strong>For research use only. Not for human consumption.</strong></p>","AminoNex","Growth factors","mk-677, ibutamoren, growth","TRUE","Title","Default Title","AN-MK-10","18","shopify","25","deny","manual","44.00","","TRUE","TRUE","https://raw.githubusercontent.com/arcmonay/aminonex/main/public/products/mk-677-10mg.svg","MK-677 (Ibutamoren) 10mg","active"
"semax-10mg","Semax 10mg","<p>ACTH(4–10) analog researched in cognitive and neurotrophic models. For laboratory use only.</p><ul><li>Form: Lyophilized powder</li><li>Amount: 10mg</li><li>Met-Glu-His-Phe-Pro-Gly-Pro</li><li>Grade: ≥98% research grade</li></ul><p><strong>For research use only. Not for human consumption.</strong></p>","AminoNex","Cognitive","semax, cognitive, neuropeptide","TRUE","Title","Default Title","AN-SEMAX-10","18","shopify","25","deny","manual","46.00","","TRUE","TRUE","https://raw.githubusercontent.com/arcmonay/aminonex/main/public/products/semax-10mg.svg","Semax 10mg","active"
"selank-10mg","Selank 10mg","<p>Synthetic tuftsin analog for anxiolytic-pathway and immune-modulation research.</p><ul><li>Form: Lyophilized powder</li><li>Amount: 10mg</li><li>Thr-Lys-Pro-Arg-Pro-Gly-Pro</li><li>Grade: ≥98% research grade</li></ul><p><strong>For research use only. Not for human consumption.</strong></p>","AminoNex","Cognitive","selank, cognitive, neuropeptide","TRUE","Title","Default Title","AN-SEL-10","18","shopify","25","deny","manual","46.00","","TRUE","TRUE","https://raw.githubusercontent.com/arcmonay/aminonex/main/public/products/selank-10mg.svg","Selank 10mg","active"
"dsip-5mg","DSIP 5mg","<p>Delta sleep-inducing peptide for circadian and sleep-architecture research models.</p><ul><li>Form: Lyophilized powder</li><li>Amount: 5mg</li><li>Nonapeptide · Trp-Ala-Gly-Gly-Asp-Ala-Ser-Gly-Glu</li><li>Grade: ≥98% research grade</li></ul><p><strong>For research use only. Not for human consumption.</strong></p>","AminoNex","Cognitive","dsip, cognitive, sleep","TRUE","Title","Default Title","AN-DSIP-5","18","shopify","25","deny","manual","39.00","","TRUE","TRUE","https://raw.githubusercontent.com/arcmonay/aminonex/main/public/products/dsip-5mg.svg","DSIP 5mg","active"
"epitalon-10mg","Epitalon 10mg","<p>Tetrapeptide studied in telomerase and pineal-axis research. Strictly for laboratory protocols.</p><ul><li>Form: Lyophilized powder</li><li>Amount: 10mg</li><li>Ala-Glu-Asp-Gly</li><li>Grade: ≥98% research grade</li></ul><p><strong>For research use only. Not for human consumption.</strong></p>","AminoNex","Longevity","epitalon, longevity, telomere","TRUE","Title","Default Title","AN-EPI-10","18","shopify","25","deny","manual","55.00","65.00","TRUE","TRUE","https://raw.githubusercontent.com/arcmonay/aminonex/main/public/products/epitalon-10mg.svg","Epitalon 10mg","active"
"foxo4-dri-5mg","FOXO4-DRI 5mg","<p>FOXO4-p53 interaction disruptor peptide for senescence research. Handle as research chemical only.</p><ul><li>Form: Lyophilized powder</li><li>Amount: 5mg</li><li>Senolytic research peptide</li><li>Grade: ≥95% research grade</li></ul><p><strong>For research use only. Not for human consumption.</strong></p>","AminoNex","Longevity","foxo4-dri, longevity, senolytic","TRUE","Title","Default Title","AN-FOXO-5","18","shopify","25","deny","manual","145.00","168.00","TRUE","TRUE","https://raw.githubusercontent.com/arcmonay/aminonex/main/public/products/foxo4-dri-5mg.svg","FOXO4-DRI 5mg","active"
"ss-31-10mg","SS-31 (Elamipretide) 10mg","<p>Mitochondria-targeting tetrapeptide for oxidative-stress and cardiolipin research.</p><ul><li>Form: Lyophilized powder</li><li>Amount: 10mg</li><li>D-Arg-Dmt-Lys-Phe-NH2</li><li>Grade: ≥98% research grade</li></ul><p><strong>For research use only. Not for human consumption.</strong></p>","AminoNex","Longevity","ss-31, elamipretide, longevity","TRUE","Title","Default Title","AN-SS31-10","18","shopify","25","deny","manual","88.00","","TRUE","TRUE","https://raw.githubusercontent.com/arcmonay/aminonex/main/public/products/ss-31-10mg.svg","SS-31 (Elamipretide) 10mg","active"
"glow-blend-10mg","GLOW Research Blend 10mg","<p>Pre-proportioned BPC-157 / TB-500 / GHK-Cu research blend for comparative regenerative assays.</p><ul><li>Form: Lyophilized blend</li><li>Amount: 10mg total</li><li>BPC-157 · TB-500 · GHK-Cu</li><li>Grade: ≥98% research grade</li></ul><p><strong>For research use only. Not for human consumption.</strong></p>","AminoNex","Research blends","blend, recovery, glow","TRUE","Title","Default Title","AN-GLOW-10","23","shopify","25","deny","manual","95.00","112.00","TRUE","TRUE","https://raw.githubusercontent.com/arcmonay/aminonex/main/public/products/glow-blend-10mg.svg","GLOW Research Blend 10mg","active"
"cjc-ipa-blend-10mg","CJC / Ipamorelin Blend 10mg","<p>Matched GHRH + GHRP blend for combined secretagogue research protocols.</p><ul><li>Form: Lyophilized blend</li><li>Amount: 10mg total</li><li>CJC-1295 (no DAC) · Ipamorelin</li><li>Grade: ≥98% research grade</li></ul><p><strong>For research use only. Not for human consumption.</strong></p>","AminoNex","Research blends","blend, growth, cjc, ipamorelin","TRUE","Title","Default Title","AN-CJCIPA-10","23","shopify","25","deny","manual","86.00","","TRUE","TRUE","https://raw.githubusercontent.com/arcmonay/aminonex/main/public/products/cjc-ipa-blend-10mg.svg","CJC / Ipamorelin Blend 10mg","active"